Avg. Area Income,Avg. Area House Age,Avg. Area Number of Rooms,Avg. Area Number of Bedrooms,Area Population,Price,Address
73120.65721669863,5.2753824983688,5.707288323542413,2.27,32402.25541487064,981259.5641129231,"3175 Louis Ville
East Abigailmouth, CO 75216"
54700.293455755076,6.765221600349139,4.968281480737257,4.34,46224.49329118832,1125230.4502937691,"08283 Jim Drives Suite 982
East Christinafurt, WA 28832-9229"
38139.919044520015,5.577267494234432,6.348067700382508,2.13,45899.73840240165,723750.0652577134,"2899 Katherine Junction
North Richardview, SC 52089-4919"
74567.19960944561,5.745518039299988,7.735040644469866,5.29,44393.34075070241,1556552.473741118,"683 Nicholas Lake Suite 278
Maryborough, NV 35094"
71628.506435489,5.2329294276252405,7.237042812998999,4.2,44387.868291705585,1391303.7868712496,"025 Sandra Spring
Aaronbury, OK 28010"
71375.96616425527,5.341157553051619,7.686869052297782,5.39,30469.54896814164,1103648.2877240828,"8181 Michelle Fords Apt. 976
South Sharonborough, IL 69416-4860"
82858.44891475447,7.700172406943978,8.952861405342816,5.44,36835.73969931414,2005037.3066792216,"9963 Terri Cove Suite 637
Port Danielleborough, HI 98045-2788"
67907.05876543059,5.426837102746391,5.645458791595918,2.26,30268.359117694432,1055153.3195092094,"7979 Pierce Burgs
North Deborah, IA 88107"
80606.86161671234,6.157447528281478,6.68378841583479,4.11,34354.962931175825,1389366.7180879028,"5478 Mueller Loaf
Marissaside, VA 10147"
63585.83654821635,6.060625717853144,7.540403854170218,3.14,43547.57901384004,1249461.5616007491,"559 Tammy Knolls
Port Gary, WY 40773-0532"
87802.39141133384,5.464991823130545,7.416854031210755,5.37,34354.159698452175,1501482.219941262,"87550 Jackson Estates
Lake Michelle, OK 38565"
64446.15728120698,5.923312449054067,6.761698048245084,4.12,46743.721651454434,1296134.3945546895,"9910 Jessica Greens
Grahamfurt, SD 63388"
56501.228454851975,7.20424786101735,6.285785524843657,4.42,34720.46135838571,992773.7915703077,"76968 Carla Forks
North Samuelborough, IN 98003-5220"
65037.25920353219,6.134211464453687,7.655160571534617,6.28,27356.89573802976,1085101.3240057079,"Unit 8978 Box 9314
DPO AA 62679"
55146.81014730227,4.802783203299577,6.863115134249482,2.21,40018.19069710725,734562.104533648,"19193 Kristin Drive Apt. 199
Richardshire, FM 36385"
52122.954312985516,6.599763939729455,7.910268870798269,3.04,38764.82093338417,1221827.821998858,"1345 Chavez Canyon
Lake Alexander, IN 90097"
59765.154396156526,7.124845299874012,6.685256705720952,4.38,39557.32061960267,1489970.147065019,"1500 White Dam Apt. 706
Angelatown, MI 85680-7551"
79745.85949406229,7.827258507697397,6.493899315174439,3.37,39511.679122269285,1696086.1681042681,"PSC 2584, Box 7364
APO AP 59818"
66449.93044210004,5.133480581883197,6.076763138825166,4.21,18725.606599726627,891259.338362191,"022 Valdez Freeway
Shannonstad, MA 34534"
65314.72011226055,6.91894534505661,6.245655682932126,2.42,36565.02983061061,1347083.0697067634,"52106 Bradley Ferry Suite 244
Chasechester, NJ 96162-4379"
59879.22306477917,6.249999521314131,8.936689036191078,6.21,40838.66482508062,1428797.3718951428,"9188 Morris River
Millerside, MT 60924"
65220.99816814039,6.037268901062765,8.860937235527956,4.49,19500.48453486966,1198678.9842989913,"069 Mary Mission Suite 064
Karenchester, ME 18824-1236"
54850.43659708965,6.839891175790763,7.176917279445046,6.18,43807.92573715271,1194083.2472498536,"4680 Kristina Bridge
Marquezville, MN 20305"
86260.71100496253,5.030503878328223,7.445576793210571,3.08,23964.62351762752,1233126.8356523872,"37233 Reed Tunnel
Williamsport, MS 62923-6005"
73391.28054336441,7.437555944679527,7.595263925202841,4.21,36714.49675451042,1587585.4847117497,"628 Edwin Points
Port James, OK 42229-3818"
70323.10328996276,5.205952385879762,5.216166888972396,4.14,36148.15638601139,1025439.4339352736,"946 Romero Junction Apt. 325
Lake Annette, ME 12933"
62124.47543860784,5.030342162416486,6.724091037730287,4.01,20478.630441231555,700903.5639179513,"363 Smith Road
West Allison, NY 64334"
55745.04104249736,7.578770293658353,6.742738157447972,2.4,36078.321370456404,1180903.43393502,"51858 Martinez Glens
Lisamouth, UT 55482-2907"
60244.28999641054,5.7064169759195975,6.129404565114171,2.09,24602.56309325976,914136.519775298,"39114 Hannah Estate Suite 569
South Danielton, GU 39533"
53624.82011077314,7.328456526578772,6.280863820922071,4.32,36075.96320475589,1178600.6477851174,"1725 Allen Dale Suite 239
Elizabethbury, GU 83239"
67168.16617450656,6.690621626636601,6.372552343438933,3.16,45707.973554887736,1328572.1905050843,"771 Murray Spring Apt. 685
Bennetttown, MI 95170-5129"
71405.05933559398,4.34523823586044,6.687532107332668,4.39,22083.90871403505,742449.3106376197,"8184 Thomas Field Apt. 834
South Sherrystad, PW 74340"
45863.0321561072,6.494455421694993,6.965111002158839,3.34,34426.42199578378,964596.749839928,"166 Alejandro Ways
North Stephanieton, NH 35401-1503"
67424.49083439031,6.5570290104721645,9.512477058780851,3.19,37721.32476338605,1613037.5089371018,"5752 Kimberly Run
South Seth, GU 83042-8433"
69208.50650810325,5.905347969545696,6.691996476242879,4.05,13355.02004009238,816772.3750999514,"3178 Thompson Wells
West Valeriebury, CT 94570"
67951.74853432902,5.5030800328768885,6.469594269157485,3.3,38731.293785795504,1283208.8291335374,"599 Rollins Port
North Justinburgh, WY 70184"
61867.91686188803,5.358809413797996,7.397488131785687,3.23,26132.868176462143,975385.5554017648,"11929 William Plaza
Mullinsland, NE 97750"
61369.48315346728,4.817600560104268,6.24002907913956,4.38,37670.82897971239,889845.6011902957,"06367 George Underpass
Hubbardfort, TX 32436"
63580.732884936064,5.9161993923364005,8.092067882565987,3.14,31080.727498021988,979282.7630677487,"613 Stephenson Motorway Suite 485
North Diane, TX 13834"
62669.03880072184,4.832217969245634,6.00738166141595,2.15,38547.92207599582,896937.6577995939,"PSC 9208, Box 7434
APO AE 49176"
90586.12890514932,6.694530357960868,5.789188149325505,2.28,34922.64487039676,1712388.8725183057,"06374 Martin Passage
New Shawnland, KS 59839-6569"
72449.80440788773,6.0344107569352445,6.718960081222591,4.46,44066.212977922034,1367292.959858112,"PSC 7494, Box 2912
APO AE 17450-9053"
67683.20307373602,6.170045659787897,5.908719870278113,3.18,31420.299235687286,949879.9338885004,"899 Aguirre Corner Apt. 026
Brownborough, AR 91532"
79057.79891726034,7.6347757165924905,10.219901981473976,3.43,27142.028198781773,2050594.0455063141,"34645 Brandy Station
Salinasport, MO 74104"
88799.30163631275,5.649911053535849,5.058460706047713,4.24,39139.002906516536,1616631.3337499716,"532 Coleman Hollow Apt. 140
Sandovalberg, AK 63927-0427"
61150.55722099371,8.366244567995926,6.724711557034495,3.15,31517.11821188929,1358350.39783993,"944 Leonard Green
Mckinneyberg, MI 33444"
73984.73914707053,6.971445067580836,8.203236573278986,5.4,36773.03540835819,1708127.5780654566,"530 Dwayne Via
Montgomeryport, FL 60457-2198"
79915.5126263446,7.7920017097893925,7.428417129834973,4.18,53159.74318315634,1970419.0541530403,"57221 Joseph Extension
Port Peggyborough, GU 56078-8564"
80055.12605045023,5.831731672705174,7.1703760658209745,6.1,44973.08597777347,1636080.390400312,"734 William Turnpike Apt. 785
Davidberg, RI 99205-7061"
60992.536490081766,6.035992575231477,9.320255430226254,6.24,55947.967958928944,1591269.9928074004,"30241 Webster Route
Estradaborough, NH 40106"
72533.05727370757,8.092440179538283,5.717740091343675,2.26,46369.54384104632,1806231.4517589563,"99091 Mosley Station
Lewisside, KY 57953"
69753.28541924468,5.706568379156038,4.8788742867129145,2.25,50740.204907361935,1138748.9643436885,"510 Erik Track Apt. 093
Padillastad, MA 37207-5431"
77623.98361030263,5.7044883673862055,6.019277066957383,2.24,38660.643852645866,1246440.855634546,"467 Sierra Trace Suite 724
South Adamchester, IN 71539-7488"
84292.10663299893,7.012515945513943,5.550745867826327,3.41,24380.451207086757,1407123.7995305716,"08588 Brenda Junctions
Ingramburgh, MO 23967-1554"
75790.48513776126,6.301155926190098,7.0253050375768815,3.49,31311.986048367333,1370830.3885978821,"27677 Soto Underpass Suite 189
South Carla, IN 62296"
73079.55071597343,4.752609371536969,6.5879758583759545,4.21,56970.73183024398,1492521.8665181694,"34796 Conrad Street
Melissaville, MP 94430-9181"
66235.88812268258,4.316606420841526,6.069095962441738,2.17,34922.492454426814,762391.7760956662,"Unit 5207 Box 8213
DPO AP 65091-3577"
85852.14918102988,5.625055396185533,7.343475870975852,5.45,33200.337841599416,1668448.0980572654,"PSC 8780, Box 7310
APO AE 82682"
62333.48574724906,5.3487292432295686,7.280258782722219,6.18,29704.823707743104,945057.3183830888,"5219 Ray Lights
Kellershire, NJ 68873-7542"
60110.379279698966,5.926383868017276,5.626159181679645,4.19,32536.465870952,874497.2654803138,"29222 Smith Rest
Michelletown, MS 57014-3973"
76568.23475420423,5.386918410901719,6.330174373552935,4.24,30823.910471643485,1080170.9068579979,"393 Edward Falls Suite 016
West Steveville, GU 02435"
73257.26545274205,3.6476546335926967,5.692281119144947,2.2,44882.487916191974,1049007.0166559054,"65670 Jerry Ridges
West Linda, IA 67283"
53657.29199713928,5.9929070398017155,6.087748127212441,2.37,38994.08272580159,826587.3919400298,"00347 Donald Cliff Apt. 813
Port Kimberlyland, AR 23707"
78583.26472232761,5.278236842046776,7.428634709692532,3.07,35271.71984106186,1384328.1221885916,"22992 Gonzales Crossroad Suite 385
Port Jacobport, AS 35161"
62370.03191441474,6.569959581360933,6.740482425672648,4.42,27221.179294462923,1027311.507673405,"5049 Emily Roads
New David, MS 50520-8538"
72937.70837665969,7.172735059943353,6.882272763515643,2.04,57121.57973904668,1938713.985075609,"11627 Robert Turnpike
Frankview, WI 66018"
77033.91359153447,4.079782222130235,8.441008930434485,6.26,26160.16104693064,1025417.8875194944,"0569 Reed Gateway Suite 278
Mcmahonport, IA 99324-3105"
49854.39272444213,4.516853632080405,7.778314001542566,3.46,27402.708028788187,594816.9325198851,"57320 Timothy Summit Suite 813
Jonathanview, SD 71285-5217"
87903.74352888363,5.316288784178584,6.385907942478185,4.41,28782.240015136285,1369970.613282539,"8946 Amanda Groves
North Jasonfurt, OR 67994-4423"
35608.986237077515,6.935838865796822,7.827588622388147,6.35,20833.007623149297,449331.5835333807,"652 Stanton Island
Adamsview, VA 56957-9960"
62933.334716892416,7.2683464288328095,7.557128955291646,3.14,32233.885879305348,1253359.9540054663,"6228 Cristina Walk
Collinsstad, RI 77748"
73260.62822004143,6.2646893775679775,8.070274675827964,6.44,25942.65578622622,1347234.0930270965,"68561 Guzman Pike
East Sophiamouth, SD 27058"
71452.09168018027,5.157715794147923,6.592765037447954,4.08,42152.13605364549,1257780.0670395987,"319 Leah Way
New Kimberlyborough, DE 67521"
65550.80327695548,5.060302790228005,8.392741749922976,3.22,55084.15933236109,1474296.415816263,"008 Hanson Circles Suite 611
Lake Timbury, TX 85722"
73309.2400899409,6.552490760932411,6.6439983565005365,2.1,39582.92891807085,1513273.017374765,"517 Padilla Via Suite 659
Lake Christopher, GA 09246"
55331.28844666468,4.0283275910836664,8.03572975569956,6.2,53055.85372317783,1042243.7312719524,"825 Walsh Estate Apt. 155
Lake Allen, MT 72047"
73212.42379526973,5.59393998558572,6.474991494230577,4.36,34019.97358842896,1288069.226448916,"35199 Avery Turnpike
Colonport, LA 95955-3267"
78300.409789153,5.724372815689571,8.885629338711405,6.1,53921.431947273064,1988563.9932623703,"81498 James Keys Suite 246
Chambersshire, ME 69563"
69154.76202434115,4.439053729869273,6.689730323555307,4.0,36179.40576719907,799842.3758048095,"40506 Patricia Streets Suite 594
North Joshua, NJ 70635"
76107.67404357428,6.850884750519693,6.780898890780213,3.13,56376.968434605114,1813555.3299392925,"130 Browning Union
West Latoya, CO 81571-8710"
55415.24225963871,5.639293226445153,4.63291072280653,2.39,24291.11191045748,492984.5946724443,"1567 Larson Lakes
Alvarezview, MT 72082"
81970.46446104384,5.400627906471686,6.979307782806281,2.38,33284.92670252851,1325531.154513243,"6477 Cunningham Manor
South Thomasshire, OR 14654"
53935.10993433012,7.697110375236307,6.7146588259041335,2.26,53504.45996853813,1315138.251016079,"USCGC Johnson
FPO AP 08459-0719"
61058.968586140916,4.9143960845741,5.917112689708719,4.35,36325.304633198655,729990.0243899535,"6317 Walsh Key
Rachelbury, WY 60943"
61676.73492261528,6.118452016087588,8.539962167798992,4.04,38467.81700004215,1328658.9110723843,"9423 Paige Unions Apt. 551
Valeriebury, AZ 96799-4795"
59391.0567808138,6.492408961887826,8.784536310383487,6.32,64543.322446134494,1599416.0142626918,"0309 Kaylee Springs
Joelhaven, MA 29639"
72007.4888035962,5.7456881415825976,6.7864910618247976,2.13,53713.2762108166,1348251.5968379064,"Unit 3582 Box 2159
DPO AA 10955"
77079.71716385402,4.2550085753578815,6.528579813194185,2.39,32236.82469172025,1018457.9870522928,"459 Foley Parkways Apt. 307
Andrewtown, KY 41233"
86219.59857164514,5.904630857383364,6.398407811747326,2.48,44034.47735011191,1517597.5270904675,"9891 Jon Crest
North Kevin, AZ 87146"
65279.53406448912,7.158516797256374,5.867638545426352,2.25,39419.28898287662,1247289.4901993414,"9722 Daniels Haven Suite 025
Lake Jennifer, DC 85154"
64962.433002074315,7.3526790891946066,6.535796372634481,3.41,17093.809803593602,906034.6514455121,"770 Kenneth Avenue
Anthonymouth, IN 34062"
68450.34379487834,6.8291707973585165,6.459429145520582,2.38,32147.638435172485,1203089.9890176977,"48027 Gomez Court
Charlesberg, OH 33137"
62305.63840732258,6.4907693315462245,7.647362306520987,3.19,47066.617419978254,1375771.1290372743,"8553 Donald Avenue
Bakerville, SD 40866"
51621.330420731436,5.073320656830768,6.015495165269315,2.35,18194.121545548867,459446.4192774692,"2696 House Spur
Brittanyshire, NJ 19481-7658"
66571.3861217974,4.897454983490036,9.027656434779873,5.2,26651.84550508721,1238486.1702122071,"08132 Paula Mountain Suite 428
North Tyler, IL 81930"
80963.1775543644,5.881587711382253,6.843990748156923,4.32,24602.009252141957,1309768.1961093454,"61104 Cruz Expressway Suite 446
Donaldberg, NH 44190"
61761.31840635968,6.004892786072429,6.802612412335334,2.5,38825.39624250277,1111580.0995746746,"68508 Hall Canyon Apt. 405
Jonathanbury, MI 18677-2405"
80931.50921550271,5.771015011938347,4.29069917383452,4.12,31837.488069317427,1099788.6980318588,"Unit 3247 Box 3138
DPO AP 57852-8508"
73278.80440457586,6.270914492380962,7.370286264172931,4.03,23586.382744773244,1247384.0849486168,"2611 Christine Road
Nicoleport, VT 37604-0248"
74416.20429186046,5.033336500266944,7.398003429168358,6.42,47907.02052534764,1546469.7826846072,"45752 Nelson Glen Suite 166
Manningside, MA 58972"
64590.51459174722,5.456277933820019,6.624274600319363,3.06,19652.146098741574,729315.3749195363,"6902 Rodriguez Flats
Port Tylermouth, KS 00622-4564"
65627.05110654606,7.974704487769928,6.860148049619808,2.21,44808.303365337335,1614667.5279239863,"71899 Cole Throughway Apt. 835
North Wendymouth, FM 73767"
75434.5545754117,6.1415942852837855,8.254735236279224,4.04,43181.90540528896,1613325.654571316,"746 Steele Terrace Suite 937
Hughesborough, MS 51862"
70153.70128941837,4.44790223232814,5.507529287455349,2.33,35808.410189985465,765505.3475276389,"Unit 6663 Box 8817
DPO AE 57810"
84014.41157288838,6.848072423612548,7.145822675618995,3.23,41819.36384214337,1696785.902472176,"USCGC Martinez
FPO AP 67990-6855"
65489.291732644815,6.259956549596873,6.750151471715967,3.12,22599.374112816116,980161.6274096981,"389 Luna Squares Apt. 797
East Russellmouth, AL 36775-2638"
78545.32417405737,5.515535532974448,6.3356926642664195,4.21,34477.465862849866,1167621.046449695,"1162 Michelle Green
Cheyennechester, NM 45297-5228"
71893.47207708354,6.2900712142367015,8.126888592585143,4.22,19033.611178212614,995849.7751098222,"USCGC Gomez
FPO AA 97030"
73311.08803591854,5.826323983809195,6.4951989950956674,2.14,37252.962173187814,1276494.7645634962,"3960 Bush Walks
Kimville, TX 38356-9719"
77504.80423447827,5.68895650454444,7.288819155970835,5.29,41864.786244777235,1649156.6076317346,"2669 Karen Square Apt. 062
New Jennifermouth, PR 19498"
75668.9321257755,4.8731930884616705,8.45419167080097,3.27,40746.12021982918,1603268.2110607368,"216 Oliver Keys
Zamorafurt, GU 66579"
77032.27071389476,5.34585938969713,7.516683144914813,3.22,29023.353523809863,1314387.4066411434,"Unit 8133 Box 6709
DPO AE 86310-8698"
71467.13015550697,6.48515051672506,6.995179317892068,3.33,39812.306419469685,1357366.5283162282,"72667 Timothy Flat Apt. 173
Robinsonmouth, GU 99851-4011"
70189.00591076643,4.678508846695488,6.120781744820117,4.26,53705.131732074784,1308017.3142391795,"47143 Terry Plain
Karenfort, AL 41285-0143"
77085.54710721414,5.565689964218949,6.197942058654523,4.44,21287.442518803444,1246015.2968581112,"231 Michelle Falls
Williamsfort, AR 04033-9918"
80957.05292951135,6.802133795727594,7.073592887966133,6.2,30545.487647932885,1467959.5287906837,"24628 Gray Curve
Kirkshire, WY 39107"
56986.83313076888,5.733518858016981,7.883280645802287,5.17,43921.10884181898,1239309.9147099557,"736 Tara Dam Suite 886
Port Katelynchester, LA 57144-8259"
69155.64581411946,6.550911358952037,7.392177280949958,4.31,40808.13620627183,1457022.6303982614,"31028 Smith Springs Suite 877
South Jeffreychester, WI 94105-9295"
76850.37944035776,5.235428787846504,6.376401250633996,4.04,36333.4814718268,1315666.8739232162,"8088 Miller Plains
Mollyport, AK 44811-8095"
70866.71678758075,5.870557966335325,5.728607327546822,2.45,24511.819984541118,885709.7642844076,"538 Roger Circle Apt. 824
Juarezport, OR 83733"
54028.10097118387,5.176103251548099,6.1880168844416215,3.2,31319.536026881007,566645.8578321565,"PSC 9663, Box 0897
APO AA 89838"
64315.31047251952,6.478004245169887,6.389380953832301,2.1,34940.354757964065,1088176.2005164635,"759 Oneal Crescent
Colleenport, NM 31592-5032"
66374.6873331831,5.78974406481987,6.184767912679881,3.11,36809.124933124825,1105737.4615438494,"280 David Viaduct
New Laurenbury, GA 91091-4353"
63221.915038390485,7.370165243613262,7.8304721222756575,4.3,44348.42034110976,1571664.903072999,"23837 Kayla Lodge
North Susan, ID 23300"
80417.54394056082,4.7375690880234025,6.8370511326338645,4.32,44523.98908958207,1412144.508444236,"91640 Christina Islands Suite 013
Jillstad, IA 21280-8165"
73053.95321820086,5.712998824279348,6.6731424629307,4.3,41686.51892676085,1220724.1772550123,"2248 Bell Isle
Christinaburgh, OK 79572"
62948.735708221466,5.877790573158362,6.974424476247384,4.49,30494.509613660433,1011909.6944313495,"88935 Thomas Ports Apt. 639
East Kimberly, MS 36461"
59037.609238296136,5.2061389430556675,7.701775147661508,5.41,26234.109543669118,685922.3851784463,"USNS Johnson
FPO AA 60918"
67314.74487545372,6.4233040397214385,6.068082980959193,4.26,31872.776299578643,1175190.6729764738,"6245 Steven Alley Suite 766
New Manuel, NE 20516-7507"
58714.48145280116,5.5884867137782965,8.114656742097019,5.28,32762.93645956884,1053891.644863874,"005 Robin Road Apt. 246
Port Larrychester, NE 24085-7161"
78286.51791154483,4.236880738098737,7.465136433191365,5.29,42425.776351988345,1360502.2488120492,"379 Williams Loop Apt. 647
Port Staceyberg, VA 40911-0337"
68785.20331161434,7.005533539437323,6.599607811111122,4.03,48564.798543037614,1409038.9871176342,"2707 Kaiser Summit
Port Jason, MN 67672"
62970.72143101848,5.529295392122919,6.596973061190948,2.48,14241.248769710839,547794.5711922585,"12649 Cindy Parkway
South Joseph, CT 07688-3813"
85048.1958672361,4.552059699583358,6.492893172332449,4.38,23662.584871155323,1211442.9407654293,"0191 Danielle Park Suite 342
Matthewmouth, ND 66877"
82425.05337075949,5.332689067327657,5.698082517635246,2.36,41020.43966181279,1403296.2576075105,"298 Edwards Village Apt. 878
East Jeffreyshire, OH 06998-9930"
68817.20235615308,5.9036738190545055,5.330557139674255,4.07,35621.67753524416,1125696.862367818,"6322 Jensen Overpass
Port Seth, UT 98405-6588"
63170.382179153654,6.242850811185758,4.887183995236437,2.09,44345.07695684976,1067191.979946472,"3488 Marshall Summit
Warnerport, CT 34831-0820"
66943.79999336343,4.213793597121173,6.826493607848889,3.03,28984.51021023504,786257.7826468865,"340 Peggy Village Suite 573
Tammyview, TX 20289"
74591.28235244803,6.175769773161286,6.826686285155482,3.19,28860.945342497133,1341069.1598099093,"8904 Morales Crossroad
South Deborahmouth, MA 50627"
62302.063847931066,4.649203487308246,7.4843437000973045,3.44,40291.194487650275,777718.8986485405,"286 Allen Common Apt. 060
North Katelynmouth, OH 14510"
67559.66671510454,6.873592404434676,7.15796357836116,5.05,32487.56767239104,1539465.4196773875,"68740 Jason Parkways Apt. 313
Jasmineland, UT 82929-2936"
70791.51907439635,5.086479490131048,5.293383164975026,4.03,19314.632852302086,738760.7474313262,"94998 Castro Mill
Richardmouth, PA 16381-9282"
61015.50783881383,5.389285536457248,5.725160307712827,4.16,39588.22954332957,777144.2542493446,"14496 Alexander Lakes
Port Darren, IL 51842-5682"
65013.21244619443,7.321305027314987,7.59132805238124,3.13,23039.88947399941,1131040.702324247,"5299 Rodriguez Springs Apt. 297
Castillohaven, RI 44975-9034"
59179.86860424145,6.215488288214617,6.519249286816658,2.45,33549.55306031765,892718.0910073874,"528 Nancy Points
Lake Edward, FM 85808"
44426.262982377666,6.205941992078737,8.312282104966862,3.06,55838.913085095,1344406.9301585502,"738 Sue Forks Suite 386
Lake Katherineville, MI 07940-4286"
52890.045824874316,6.701008532793209,8.859650987297186,3.21,27165.233949889967,1174949.860790675,"246 Anderson Circles
Sarahshire, TN 88894-1090"
57896.603212875925,5.45022145816967,7.63144739569546,6.3,35960.62566152464,948054.0086787434,"4667 Brandon Lights Apt. 706
North Loriside, HI 90662"
67548.16810215081,5.760579986214888,8.194381042321531,3.4,50213.73855557286,1432902.752871875,"PSC 4208, Box 3441
APO AA 84455"
72009.19847289937,6.327696005054718,6.861739180453397,3.49,59313.739116675046,1649947.1597520178,"824 Katherine Creek
Lake Leslie, KY 06569-7910"
50143.64485404666,4.230051414364958,7.979249997307836,4.04,67601.22355787536,1168588.0313207726,"79390 Scott Flat
Wongbury, SC 60268"
63335.794905723655,6.295120484433175,6.30811423776209,3.44,35469.028665063226,1172514.722473985,"524 Patrick Heights Suite 522
Lewisport, VA 82776"
66083.1659010237,4.213322953156883,8.908380541781538,4.17,39185.99503431214,1051173.464898884,"54042 Proctor Corner Apt. 796
New Staceyville, AL 77840-1927"
68577.1097331161,7.5151305827445976,6.4349356664886255,3.29,23927.331921404482,1235747.5115915618,"622 Felicia Coves Apt. 084
Port Ianport, NE 80183"
69605.54454964394,5.785465917910602,6.557256314688049,2.13,17597.041128088404,984010.7052899195,"7298 Linda Turnpike
Lynnstad, FM 06435-7232"
57276.71909775034,8.274147489845573,5.530624743932092,3.47,35374.249175688354,1210610.162569622,"544 Rivera Path
East Mark, AK 64190"
73682.48620872098,4.6111838665641764,5.347027061136258,2.22,34366.180100207785,766078.3707692815,"364 Benjamin Place Suite 843
South Karen, KS 76654-9243"
74056.56913728938,5.915183933713094,5.892268713196152,3.09,38822.834185572116,1234636.45181904,"USCGC Duncan
FPO AP 61349-9468"
60325.98587645334,6.812452067930515,7.647438609327312,6.45,38418.05830161855,1364306.7686809986,"2441 Amber Manors Suite 444
Kleinfort, TN 26624-3469"
84851.16007094852,6.359015224899549,6.2061565121494695,2.48,34265.526373154236,1429383.3521743226,"084 Janice Islands
New Howard, TX 30144"
74008.82755503603,6.354988920594004,9.066515985284335,5.28,32743.780296527162,1680788.286557635,"28451 Aaron Crescent Suite 764
Lake Mary, WV 10610"
64059.44247458285,5.789113537189749,5.935699281251122,3.12,27865.99607169875,884891.4955195289,"979 Kiara Park Suite 926
New Joshuastad, ID 05392"
71579.12640125254,6.001140258600242,6.166459076857582,2.44,40130.54076802468,1198572.8663002513,"Unit 3168 Box 1461
DPO AP 93389-0125"
64730.12677441365,5.689943503772699,5.761823456201782,2.37,31879.3238429842,996924.6914267287,"434 Zachary Villages Suite 228
West Lorraine, GA 90758"
70763.42359718741,6.812010801640817,6.982497610327788,4.43,29873.98841378592,1417403.3118605698,"8016 Albert Underpass Suite 606
South Catherine, SC 07163"
62072.07255375162,4.431744947802378,6.992438008457405,4.33,23853.96780955993,549947.2482470637,"556 Nguyen Extensions Apt. 746
East Trevormouth, MN 70379-9628"
63209.68886557072,5.225487927753718,8.692817878287437,4.24,33967.67290102517,1241699.117121414,"01546 Annette Cove Suite 203
Clementsport, MP 78826"
61009.10934964233,4.662569144278495,7.083002537051174,3.41,60309.12224887084,1258686.2857108044,"39003 Joshua Oval
East Jacob, CA 65413"
62566.76280453749,7.690493450939387,5.828975487352791,4.28,26717.60493405672,1144177.7760016785,"51832 Lindsey Locks
West Donnaburgh, DE 19633-6063"
60426.509695852015,6.0911475265244315,8.845689955567382,6.08,46776.736347512684,1518387.141646837,"8906 Patricia Corners Suite 926
Davidsonville, PR 86858"
56349.974924823466,5.412044152879203,6.694668418515635,4.04,31048.990833251624,592512.4283228129,"83609 Sullivan Shore
Montgomerychester, MO 60768"
65827.33514166252,6.903536849911591,5.980715519973782,3.14,46346.623303622306,1283590.4588727623,"281 Chen Cape Suite 523
Burnsfort, AL 87881"
63376.7077650188,6.2540022373113295,6.43747844833822,3.16,29743.593204449804,1014093.3099646241,"8394 Nathan Summit
Port Johnmouth, NE 50019-6886"
77275.76626715591,6.547893325316207,8.027765078044936,3.31,41162.33782851701,1535152.0737169122,"2768 James Trafficway Suite 095
Gallegostown, MD 36169"
68057.06580158105,6.7484094776743015,7.883018683929485,6.2,52547.82916618432,1754576.1455501278,"02202 Morgan Trafficway Apt. 654
East James, MI 98044-7856"
59828.79510760381,5.515547729014164,8.061237873600607,3.5,47590.82639046089,1384965.6541746578,"948 Murphy Gardens
Robertside, KY 53619"
65672.20442198518,4.2676474380005125,6.122157594401248,4.08,34640.722367741546,554253.0540102996,"87947 Dean Valleys
New Felicia, NM 07523"
66667.32548539343,6.6460669176361975,8.348953132924079,6.29,37198.29197986914,1502451.1137147066,"USNS Thomas
FPO AE 22417"
78074.94799318898,5.691650411637049,7.735931940846429,4.06,58051.60065964049,1930802.9189611124,"35058 Gregory Heights Suite 044
Garciaburgh, GA 63314"
77911.35703296856,5.6158095403077315,5.058696699648513,3.04,42795.34656456844,1309860.0588041751,"USNV Morris
FPO AP 49380"
70378.49162907043,7.486595699584571,5.1658672554990686,2.35,31646.377686064483,1110525.988673923,"347 Nguyen Center Apt. 713
Nguyenmouth, GA 87473-7584"
62845.1068407475,7.2927361650262865,7.3915492022708555,4.26,44604.26897237874,1543357.4535105103,"Unit 9774 Box 4511
DPO AE 44963"
69699.51876567467,6.670701548642996,8.239588501733211,3.06,47248.8140473671,1736442.4799782694,"01484 Wright Plains
Nicolemouth, GU 35434"
75477.51718033751,6.710570614024474,7.057809809825171,5.03,18878.799277728736,1370367.787954931,"83819 Crawford Trafficway
Lopezchester, MH 76931"
79750.29602918138,6.4531483271959065,7.092517458319367,4.15,36085.10107592731,1614916.4686238212,"USS Cline
FPO AE 74379-7138"
63617.89554950074,8.048052771462316,4.932617458179231,4.46,30692.916903186357,1124463.0404031896,"714 Valerie Isle Suite 592
Atkinsonmouth, LA 88128-9040"
71501.1388030428,5.062524905173811,7.06003804578331,5.26,44428.15289859162,1293383.8900123087,"6670 Murray Street
Kevinside, WA 07925"
81570.54115365463,5.044783195454199,7.371143087698164,6.29,32485.409624406766,1472967.81431064,"658 Peck Island
New Tanya, SC 41055-0305"
60270.45484733544,5.812992996859465,7.256684297016448,4.21,26945.5749196884,1009809.9835965488,"4405 Erik Alley Apt. 566
Davidshire, VT 54733"
66407.79144693594,6.303685917443952,5.8587970562043425,2.0,38707.525519019975,1217061.2536475826,"77722 Shelton Summit
West Ronald, AL 87671-6135"
74479.33775797447,8.415327856435116,5.2548729822184255,3.33,34615.956052742455,1637335.3027885682,"66096 Scott Lake Suite 184
Brooksport, CT 91240"
71830.74646203383,6.030995050631456,8.783063591091816,6.1,39939.80324526186,1570904.977234056,"915 Brian Brook
Stephanieton, FL 61769-6794"
75869.6548185226,5.844480890073763,5.793122826461674,2.24,27606.007209163014,1002690.8993032306,"43472 Miller Cape Suite 583
Lake Ashley, OR 81912"
75774.7184997744,6.776730281108931,7.633608652731832,6.32,44508.60305885182,1814550.9014238769,"2562 Daniel Mission
Tinabury, VT 69713-4029"
75174.65806736563,6.9175635572152485,8.534244916223816,5.16,40179.165703516184,1677005.1404360302,"USS Ponce
FPO AA 96735-0763"
73688.94660693126,5.306649504992887,5.800783311874134,4.13,38977.465117063926,1173201.5189552563,"36687 Madison Mission
Leeside, CO 27911-7089"
53409.27697740525,6.495543869150477,7.274836553392966,4.02,22522.881604144364,860346.470698685,"591 Sherman Expressway
Josephberg, GA 66016-6908"
59167.63539574428,4.187031549499616,6.03937781748979,3.46,39496.12756152633,631712.7237814899,"7612 Price Knoll
North Tiffanyfort, DC 28501"
69429.1857744442,5.993336048140633,7.1040425555313815,3.11,44822.34840229027,1330929.4721535884,"3617 Brandon Light
East Ashley, GU 71052-2188"
53365.02398381297,5.814456126372808,7.886904601333994,5.02,36419.23410532804,879356.366048286,"360 Christopher Road
South Garyburgh, DE 52487"
59114.196108359385,4.564544215431319,5.77633034131683,3.14,40488.33347782322,635419.3652163026,"02169 Collins Forge
Hensleyland, NC 12535"
63143.62270916706,6.112444385683588,7.306289419553317,6.43,33577.509513265555,1085494.8201108652,"95940 Jason Trafficway
Johnbury, DC 77971-4619"
70956.9997153261,5.5515917729315385,6.660050611288535,2.38,27811.639086196566,1024601.5627539242,"744 Davis Landing
New Valerieberg, IN 24230"
66197.49128664308,3.5734851771656087,5.307994551599048,4.14,35919.854088494845,701865.7729563166,"8277 Danielle Estate Suite 526
Lake Rachaelchester, TN 23079-6650"
64497.27098843093,5.855132309456985,6.34437964245266,3.12,30018.120563357203,942663.9415375702,"5807 Freeman Court
North Mary, VT 01837-7658"
80948.10987544048,6.706187276149963,7.925612282069823,4.41,32517.531411396383,1838092.102498864,"PSC 0218, Box 4677
APO AP 39400"
77193.94342456001,5.763953676455856,7.1701688895413,5.31,19630.019906330617,1065150.786753825,"46793 Anthony Spring Suite 061
Williamsview, FM 58758"
58874.27384348153,6.3420554183968125,6.645741991377003,2.11,19772.52166224902,849566.0855445924,"480 Mejia Trail Apt. 386
Debrafort, IL 34297-4867"
67123.33363278574,5.1955488179988984,6.856949348679019,3.23,27725.52718039477,949892.5313701816,"5096 Bennett Oval Apt. 544
South Josemouth, SD 83663-3413"
71642.46377505624,6.401203921452985,7.074909961041232,4.03,27727.03253020417,1294967.4107378754,"282 Frank Freeway
East Michaelside, DE 91260-8323"
74614.82449391714,5.008816736734973,5.963194701396527,4.31,46070.44339618719,1033881.1348005374,"933 David Station Suite 518
Tiffanyborough, NJ 59874"
63358.60592127301,6.194842465276452,7.486757259256227,4.32,38575.27319774991,1280700.4032528442,"59368 Miller Trafficway Suite 095
Banksview, VT 62470-6977"
68595.99771837084,6.548519670975463,5.911061464211238,2.09,55323.957258165596,1388840.1738697607,"9569 Chloe Ports
Lake Stacyshire, NE 25955-2308"
81668.78943126237,6.889634602534554,8.403683120610921,5.02,28884.050913090538,1940225.907504852,"85544 Cox Centers
Davismouth, NE 55867-0973"
80379.0553582093,7.070930483370158,4.4073460820254,4.12,54143.328703222665,1586889.9946311759,"5992 Sanders Freeway
Orozcoville, IL 93327-1981"
59195.32586541853,5.94696051775346,7.868771957186924,3.24,30774.753138820684,962081.4199995695,"30920 Griffin Club
New Kimberlyfort, TN 88640"
56909.83476191141,5.85431806920591,7.615188105390921,4.09,36794.1993721251,1049798.7849306162,"01713 Katherine Court
New Susanside, WI 21196"
66959.3398311588,5.369129033568636,6.394880318397705,2.27,36043.0204889754,1040781.7953593384,"580 Maxwell Extensions Suite 388
West Carly, WV 33983"
52267.247345253585,6.649260981842297,8.512295113269207,3.48,25983.51969899311,1100380.2606381516,"343 Burns Drives
Kathleenhaven, AL 73693"
38868.25031141422,6.965103517312344,8.966905968027211,4.22,25432.076772615263,759044.6879907805,"86840 Jonathon Field
Stevenport, KY 45694-2395"
67466.29858151799,6.207662803840418,5.816436332604026,4.09,47444.712829544216,1283764.7877560898,"847 Wesley Vista Suite 668
Butlermouth, IN 29187"
67453.08130871902,6.02545186097017,5.552289861955953,2.09,49085.96278053368,1162949.6789860271,"8049 Joseph Ville
Austinshire, OH 39898-5331"
64405.64944108394,8.005412645339597,7.879408466443659,6.12,42611.53970337937,1420979.1842857092,"65018 Mcdonald Dam
Hineston, FL 55892"
62485.90147331852,6.129920101815356,7.236661163327131,3.29,32428.125772874362,972670.8133224328,"Unit 2473 Box 7729
DPO AA 36548-9176"
84613.54293114366,7.0891957347610886,6.809069105967262,4.18,43480.69970513807,1804243.860448444,"0559 Bryan Plains
Christinaburgh, KY 52933"
69616.213553575,5.350078825706729,7.400706763677162,6.38,14476.760640569606,836883.5652618493,"9086 Sarah Pass Apt. 676
Padillamouth, AK 72972-4551"
68173.77438815025,5.207370213896065,7.066208738373227,3.16,57699.957556293026,1294647.589167185,"647 Michael Cliff Suite 122
Evanschester, NY 62341"
80431.03559719816,5.474910833789131,6.322610857377093,4.05,34615.59848631739,1300479.133270034,"35149 Dawson Valley
West Juliehaven, GU 84851-7166"
66098.5707230868,5.875820407976882,6.586904028286057,2.13,28433.850349050732,1040376.9951696122,"USCGC Guzman
FPO AE 96158-4679"
63866.367904716506,6.471570204902796,5.8624478709742665,2.02,33288.958422756026,1193253.801043337,"531 Peck Park
North Johnport, MA 11372"
76960.77907314265,4.911590616588406,7.446546031739218,3.21,55375.668214554884,1618127.606868063,"46521 Williams Mall
West Richard, OK 68233"
75595.70206669926,5.011920958469604,6.689793898850267,3.4,30177.117964735502,1113856.5433985677,"61875 Sheila Branch Apt. 296
Stephanieshire, NY 63229-2478"
68214.14095022637,6.833278659386085,7.619593756902457,5.29,37311.66414199766,1706291.9905593214,"2079 Little Flats Suite 920
East Stevenville, MA 36496"
50881.91066731867,5.384138326874332,5.122241484135612,3.22,35777.29468922663,658644.6170003233,"294 Angela Common
Laurieshire, ME 68533-3663"
63780.997900344846,6.687162539658023,7.769067706774432,5.02,35056.448340904586,1168993.737583562,"940 Jones Roads Apt. 703
Ericport, CA 59316"
73193.43592771658,5.307330122216242,5.1159451642401335,4.08,35707.76230138242,1123209.854692964,"26579 Janice Club
New Steven, VI 56204-3194"
73875.67600873925,4.934697172188282,6.499533594709245,2.09,34332.42096296783,915818.4531215571,"332 Cabrera Shoal Apt. 452
New John, WI 34660"
76402.50507854184,4.573821265185114,6.404665038588427,3.24,30636.461576853988,1134142.915960404,"USS Nixon
FPO AE 74737-2918"
76221.79299596164,6.465306099980472,8.299836440881599,3.16,30324.191427735444,1589765.4967532044,"6557 David Corners Apt. 844
Cooperfurt, FL 23835-5841"
53630.31680608398,3.4461311542490214,7.048169832187441,3.06,43358.57050129892,552585.3540991661,"42201 Brandon Brooks
East Justin, MT 68266"
70488.78280531155,6.7078182656865994,7.476301523547852,6.33,38326.003364693264,1352917.1768613977,"2412 Terrence Stream Apt. 340
East Juanland, AZ 60790"
76149.22101585673,3.430713497952932,7.3836747601359916,4.31,30532.99239461205,1043281.2900746965,"106 Scott Plain
North Audrey, AZ 04363-0913"
63748.242480029236,6.251425050461035,8.535923451398702,6.21,47926.408018486356,1589431.1706642618,"26516 Tiffany Walk Suite 287
Gillside, AZ 62937"
73038.22482195137,6.5040534001194,6.916142757909952,4.47,32508.909733374865,1348883.321478542,"11766 Gallegos Falls Suite 762
Stevenbury, KY 91300"
76992.81883593937,6.52982785790139,6.0493319622805855,4.46,24874.035123603662,1212440.289762945,"8188 Henry Gardens
Port Rogerberg, OK 27962-5231"
89510.91582488519,5.862742649452279,8.216263423492908,6.48,29766.44406565304,1580727.450288832,"10694 Amanda Orchard
Cassandraport, WI 70523"
70438.39363061765,5.836562620543015,6.558826706400862,3.2,29990.625356028588,1215288.4895118726,"729 Singh Drives Suite 258
Roberttown, KS 39950"
64345.071431388176,6.178851434951207,6.70769183182496,3.18,48621.16851455859,1391788.848669405,"119 Thompson Place
Christinaton, DE 48205"
65901.47709176518,5.9983313353146075,8.103837628470549,6.35,32810.137953824065,1127248.610233683,"Unit 5691 Box 8533
DPO AE 09658"
58858.02165289843,7.033461786032243,7.471432115189878,5.24,23978.58886254732,1234609.7389082913,"USS Brown
FPO AE 78902-0715"
59716.583074513524,5.078042652430381,4.46053037010385,2.01,49859.49906564395,936234.3475902014,"73567 Daniel Ville Apt. 562
Vanessamouth, MP 12924-0251"
89112.70262747677,6.56744067647224,8.015034156691021,3.46,29673.022640316405,1852338.4692459644,"2948 Andrews Cliffs Apt. 191
Jessicaview, GU 74128"
85522.89107883617,6.02077931965994,9.024116447046351,4.37,49257.85110255153,2009937.702628427,"494 Kathleen Route Apt. 078
East Tracichester, FM 41408"
50005.04874907943,7.626918437745748,5.869941434729983,4.48,32614.777078136132,828127.0276465778,"41386 Casey Mission Apt. 524
Leslieport, WY 14692"
71491.3810835551,6.425960932135338,8.904454700456863,3.41,42631.83697653531,1661119.5006279624,"441 Bell Roads
Howardfurt, MN 15904"
65608.60770523315,7.569247063978782,6.739623392097014,3.15,28774.426681712954,1295901.4544655872,"1039 Danielle Overpass Apt. 032
Smithville, SC 96125-9024"
65431.32479947334,5.410623946203773,7.538284110174445,6.43,23365.444619027392,989643.0313890134,"112 Jennifer Locks Suite 881
West Mark, VA 43382-8111"
81909.50692571551,8.536346170435625,6.633944573755247,2.0,30777.970174965663,1788515.8176129346,"183 Brendan Trace Suite 990
Millerside, FL 28725"
82514.29918256673,7.127762528731449,7.791624953475852,5.09,32252.143697864423,1814855.154882529,"Unit 6643 Box 2423
DPO AA 82069"
72764.93092249354,5.905267229921128,7.998324470099393,5.07,19595.963683816593,1170705.1662407718,"4903 Burgess Square
New Julie, NY 69102"
55288.83744723071,6.194182284487791,8.345217341917625,6.41,31144.655211640547,1090788.9812340653,"386 Johnson Shoal Apt. 607
Lydiashire, OH 14525-4403"
59420.35325682544,4.607793092301798,5.7637879575065964,2.25,20691.478784955638,440585.029390805,"6441 Devin Cape Suite 400
East Donald, LA 54008"
59042.577062215896,7.248678347625858,6.439651108808352,4.5,33182.436276466935,1029439.2338632896,"85315 Jason Junctions
Katherinestad, MH 96677-4715"
76650.59036539553,3.4130449594780985,7.01533955003256,6.08,36333.95284776679,828120.9549888151,"911 Bean Spurs
New John, MO 60974"
59912.82390447943,6.744319215815338,5.806265554895543,2.02,38092.927604245284,985283.8815578348,"9936 April Plain
South Robert, AR 47420-4991"
69544.12817233513,5.295864201355724,6.143545198018456,4.29,27071.52902968232,879062.5907073612,"2114 James Oval Apt. 035
Bryanburgh, AR 85968"
56588.23691993509,4.9316038737151455,5.2304512739777556,4.32,38132.46448381978,609402.7752548894,"1214 Dennis Skyway
East Pamelastad, HI 95893"
66269.51276858464,6.826684183580432,8.191502632409737,3.26,18114.57521760278,1168859.1171821957,"13878 Lori Points
Butlerberg, AZ 93348-9767"
74890.93612236231,6.961354848822657,6.999044967279513,2.3,25333.870846737816,1307506.565069192,"186 Bradley Locks Suite 428
Mccannview, IL 91770"
71053.69195811628,7.005152217602904,7.4459038656481935,6.48,29359.205165938452,1357250.5712569577,"096 Thompson Land Apt. 282
Gutierrezside, MH 02278"
60721.095730818844,6.440954152680219,6.942446144234532,4.2,29978.659090138408,1181630.6251696385,"793 Landry Mountain
South Shannon, PA 26333"
70204.38624956246,6.36500474360896,6.494966550461526,4.11,38773.094068790924,1294615.007746152,"035 Murray Greens Suite 071
North Richardstad, ND 69006-6808"
62347.25084925438,4.459532432228151,7.408145957267081,5.42,37499.005495723104,911656.1052977764,"953 Owens Brook
West Jonathan, AZ 20829"
73688.59397101676,6.26332055446205,7.576034014515259,3.42,30994.799892813822,1149327.6559655145,"USNS Smith
FPO AA 61423-8670"
45685.24992050688,5.34246815962064,8.093672080189986,5.02,30345.590159275278,867714.3838490517,"708 Murray Motorway Suite 993
Adamhaven, FL 90718"
70689.36433873177,5.865246385559316,6.462900464634889,3.29,21350.099745626725,973068.5570349529,"PSC 7179, Box 6714
APO AA 57159"
74510.79036006423,5.830240195142442,7.930393266173175,5.19,9579.071782191331,1084408.439953593,"0543 Michele Spring
Gouldville, ND 34180-6287"
98468.2536411164,7.035383394761093,6.629233450463285,3.05,50676.31240393803,2275455.305532437,"USNV Hoffman
FPO AA 45311-5701"
69275.04729227892,6.131326167454443,6.2504476842795995,2.5,40144.750605600944,1233205.1955834178,"31046 Aaron Ways
Bryantown, AL 26462"
65969.70703570785,7.325975622049493,8.02096550654236,4.09,61772.756809729326,1906024.636485015,"6609 Andrew Extension
Emilyland, MP 55694"
65897.66157033308,6.155338176822831,6.520119623924612,3.01,49667.60637239993,1412626.5187417814,"474 Mckinney Underpass
Lake Andreaview, CA 16833"
72110.50498821941,6.989711898470051,7.05024196888111,5.33,23411.945541614023,1208761.0558371514,"952 Richard Spring Apt. 574
Moniquemouth, WA 18628"
82069.66060213215,5.491419387676388,6.368112907902262,2.38,47005.49680624222,1710924.3665235362,"547 Ashley Knoll Apt. 840
North Veronica, LA 13077-7129"
47422.745824961814,5.8915065800259185,5.33653468129093,2.16,42771.40597993067,750119.7266122982,"08059 Bailey Fort
Sandovalland, NJ 68704"
71713.79826282838,6.446437667521813,7.845240395202444,6.15,26861.133360088297,1361828.8480482409,"5672 Barton Port
Gonzalesborough, PR 77884"
42348.16245991485,6.7917010230989,8.386485035671626,6.41,33609.69466408837,904785.1631560351,"329 Duke Rest
South Juanport, GU 60058"
61393.05011478879,4.386179783802828,7.8672555873471985,6.33,44258.90193469923,980141.2191076673,"PSC 0015, Box 2446
APO AP 94869-0746"
63783.531301346506,5.679880456129098,6.429997120518371,2.0,32620.407322138148,798254.224544436,"2277 Cody Island
Lake Frank, NJ 80726-0483"
59803.15371008615,6.714172410166233,6.908628308836759,4.05,30788.30390967845,1026505.8205659143,"5262 Dean Divide
Billyland, FL 74609"
92201.21432538648,5.235165560541664,6.451213999225733,4.03,45452.28027793775,1692335.9636187928,"4931 Kristin Cape
Christineburgh, ND 06300"
75967.13508467088,5.9393696892616585,6.111658422464468,2.32,38897.09158352118,1405505.2437013972,"6395 Bruce Passage
New Michelle, AL 72494"
61300.28127599718,5.7644345183330605,7.11145100024237,3.35,33922.63297726556,946182.0501766272,"1174 Jessica Mill Apt. 360
Port Mariafort, NV 90740"
77695.00496273572,6.720502135037929,6.309415619644638,2.34,42122.53514525114,1723775.0141179976,"71136 Elizabeth Parks
Watkinsshire, NE 69474-2127"
66764.39845179237,5.098117276351379,8.646249013675773,6.18,28467.211441719588,1238406.1897839587,"0748 Richard Lodge
East Mary, NM 61589-8091"
56734.15695289003,6.5078467065849175,7.572747246684978,6.45,35452.59150868689,1317160.4026229358,"243 Singh Course
Hodgeston, WA 03755"
66138.17282013534,5.446190937577986,7.1779241110786876,4.42,40675.798366350915,1155752.7447402594,"02787 Arthur Plain
Wernerbury, IL 60921"
48747.15504990713,6.188441122395745,8.847507024965124,5.49,31266.9018514715,1040086.6640810242,"8172 West Gardens
Kevinshire, MD 69882"
73101.21864040077,4.640185031180363,7.385125178238625,6.32,39998.46263965603,1266947.2639766412,"92604 Mcintyre Ridge
East Kelseyport, DE 66874-2943"
69248.80773561168,5.6454798461610665,6.69976851029951,3.5,57771.29234618036,1422230.9601239902,"1500 Brandon Green
South Julia, NM 84899"
49825.848845636436,6.358266692721981,8.384392014902955,6.15,46399.809594078506,1224778.6227969723,"4405 Smith Harbor
Port Margaret, GU 67322"
67557.22184973635,6.036130224181767,6.1938354626932846,2.49,18468.81419066538,973096.358177584,"2713 Flynn Port
Bentleyshire, IN 06799-9053"
59047.80267972599,4.954121475349222,7.533733419478577,3.36,26365.14508953705,512252.80350649107,"0585 Lee Park Suite 358
Dannyland, DE 84315-4350"
60889.38964863393,6.1057444892365025,6.410508878678826,3.47,32997.6389320505,906419.3179021331,"4199 Jasmine Burg
Deannafort, AL 94097-4514"
75409.22438189847,4.857913551422628,7.327348646902157,3.32,33413.265678238604,1114667.2494865104,"771 Donna Ports
Davidville, NE 67388"
60770.074307884875,6.695838781025548,6.982130878816018,2.07,38047.13038231267,1278365.7674917756,"1529 Mary Flats
East Amberberg, NY 70047-7365"
92106.80386629573,6.30568192862029,6.751435034865618,4.1,32483.35909071183,1720670.8768427868,"50504 Mary Neck Suite 023
Johnberg, CO 27193-0079"
77256.68329698939,6.316032181038115,7.377008766712192,4.35,31886.710202994032,1534295.195012713,"737 Regina View Apt. 523
South Markberg, NE 49825"
69071.89936002925,5.7990681876355366,7.081538687958895,3.12,32106.894756136782,1066040.788657332,"21685 Jake Pike
Geneshire, GU 25597-6641"
79817.66576143101,6.019474863803463,8.07378651066167,5.41,31765.901385296518,1428399.00213912,"PSC 3949, Box 6921
APO AE 76349"
85172.82909359937,3.9448637420902766,5.51304036942652,2.17,26018.015641642673,855423.9840217031,"422 Louis Road Suite 452
Heathermouth, VA 53491-4837"
63765.46965581968,4.8338124446328115,5.911176411361345,2.2,44863.71497883538,853084.1522068826,"5595 Nguyen Shores
Watkinsbury, OH 29757-3635"
71028.17589616719,3.895831096255752,6.623775713977678,2.5,43922.630171674675,934610.3953348844,"3757 Price Rue
East Colin, MD 62622-8672"
82681.23684218798,6.210505624202055,7.938067847088113,3.4,30054.86206297024,1571781.593335204,"Unit 5870 Box 7773
DPO AA 32148"
49435.535834113376,6.537364464258109,6.05251825489048,3.34,43441.99643201689,927163.8119484548,"289 Becky Flats Apt. 257
West Kara, IL 19071-5078"
69139.68322011232,6.531029839653647,6.7945718590845665,4.49,29683.8091053493,1227568.9580227917,"458 David Gardens
South Russellside, MN 47598"
52642.47988231877,3.9214767939345663,7.1640725835748755,4.46,50133.01508358672,671802.0395152965,"39214 Jason Street
East Danielle, NY 02125"
88345.95978420932,6.7277004480245886,5.783362387739254,3.06,41216.264157753685,1705918.1795099657,"46067 Diane Shoal Suite 965
Lake Mark, VT 89656-1372"
70558.83906865657,5.921329615442273,7.589187928339917,5.43,24867.497639902318,1198915.942820417,"340 Savannah Rapid Apt. 911
New Chelseaville, SD 39482"
55242.58868143591,5.9221707824127465,7.874598832698026,4.29,48812.88400793368,1230097.450945007,"USNS Martinez
FPO AP 84604"
50802.66614705415,6.799144502419027,6.911358154145822,4.18,23725.78271098917,764635.9979283088,"181 Peterson Vista
Gonzalezview, WY 90756-4263"
79700.74255198702,6.159166007993441,8.669263645202737,6.38,31348.74098431608,1553854.434199959,"429 Leslie Circle Apt. 738
Brookefort, OH 61661-9485"
68400.24174804793,5.658585902710287,6.7217139141379105,3.2,51988.70352997082,1451930.6312860253,"5116 Diamond Port Apt. 805
Petersonview, MT 95861"
59107.28758465267,7.109089774674555,6.4452336122050085,2.29,37556.107485759065,1063491.81022042,"03274 Matthews Summit
North Lisa, AZ 80100-6646"
71650.45939904443,6.539850164714498,6.572702262644927,4.03,33925.42448863959,1226180.7679891768,"0927 Sharon Island Apt. 806
Shannonfurt, IA 29955"
51168.428594576486,7.5117303498368635,7.083326348200463,3.1,30369.193120203883,1220987.0020716093,"041 Amanda Port
West Davidfurt, NE 83057-8557"
82635.33923773147,6.404151537643116,7.068895569470308,6.48,33770.24452066375,1480227.5472434366,"4163 Brooke Village
Jonathanmouth, OK 18359"
76126.01026504593,6.709721048970086,5.3884627846188735,4.48,51054.51591462274,1641873.966286834,"41652 Derek Islands Apt. 144
South Andrew, VT 91988"
83319.99615865135,6.239460761291896,6.125858572351468,3.03,31552.544209314052,1262963.8612687287,"81551 Carla Drives
West Kaylastad, WY 42793-0307"
85468.5309611512,4.739572775810295,7.022862754648264,5.43,46505.788303012356,1444572.9714972137,"30334 Maria Port Apt. 948
Averyshire, MS 98224"
81665.57834646644,5.565925802407963,6.045749359660901,4.35,34753.88289216666,1358983.4704786798,"140 Castaneda Hills Suite 975
East Bethany, AR 46807-8183"
74385.13789506652,3.613225368672905,6.079272301587293,2.07,20951.34787228712,635530.8448860593,"895 Valerie Bypass Suite 510
Harrisonton, NH 97852"
86818.06875641666,5.999791525525807,6.240497295141357,3.11,41440.433826184504,1670183.167980545,"94173 Garcia Underpass Suite 047
South Richard, NJ 83173-9962"
63911.61637074995,5.730149637044332,6.845286754714228,2.43,15576.445022405396,841236.1676342584,"18224 Michael Island Suite 910
Port Danielburgh, AZ 34355"
84095.88947778277,6.217532941702403,8.039114498678611,3.11,21330.988935894427,1581865.5587473263,"757 Daniel Fort
South Lori, NV 10326-1054"
58435.259411301326,6.926219766857189,7.83009067127597,3.02,61205.81478348438,1841495.5078848747,"6511 Stacy Inlet Apt. 152
Kennethstad, PR 56385"
78229.554740577,5.7651375222536645,6.308682062163035,4.16,60747.20447892807,1891398.2558229947,"744 Collins Extensions
Nicholasborough, MS 76961"
78160.30843328686,6.9401204052266525,7.931539538170228,5.43,39984.958207674536,1832230.092736465,"49501 John Rapids
Buckborough, ID 73832"
72757.63335564786,4.045025219334952,7.570622162566165,6.35,39088.39940262561,1062095.467626749,"8954 Jenkins Isle
North Douglasfort, MO 52507"
48125.481011817785,7.449827821346452,6.452137115227824,4.42,40090.90835689229,970044.6656400692,"85920 Freeman Inlet Apt. 313
Robertsonstad, MI 36075-5741"
76883.4865005005,7.3866913775055325,7.439954240585878,3.04,26262.507332673256,1528900.8563697478,"549 Mccoy Forges Apt. 808
Rojasside, KY 46664"
69266.0874272887,5.891946407315112,7.148313897069357,3.4,37180.500358543766,1107159.7806059057,"3505 Daniel Landing
Ariasland, SD 52630-5212"
71445.08457918133,6.102287442728735,8.25577415712517,3.1,24318.530113098623,1300031.2303332195,"76586 Richard Lodge Apt. 408
Chandlerport, TX 40049"
77467.77070630548,5.7795833199481175,5.939874980509035,4.26,43628.9548124534,1547737.0017004237,"6234 Anderson Drives
North Madelineland, MN 85905-7927"
78578.34341855517,3.2417159800155395,8.100931593913188,4.19,35399.907476359906,1248741.8646745014,"72180 Valenzuela Rest
Robertsfort, VA 90251-7664"
58909.31343643182,5.714293119722144,7.703920454045697,6.38,40865.81788796863,1205568.3665622354,"USS Ellis
FPO AA 53370-1758"
67270.83974458536,4.614316577842327,7.350019504033883,4.5,33036.30334372848,993637.089730268,"USNS Gates
FPO AP 00484"
76908.23742100857,6.105220971954662,8.181346320576443,4.4,51630.42482342985,1813856.3141206938,"765 John Falls Apt. 380
South Kathrynshire, IN 61674-7121"
81272.39558351069,7.1239670240201285,7.169949702256218,3.33,44406.45551495437,1822438.4199048413,"0479 Todd Prairie
New Kimberlybury, MH 04334"
72827.49079004177,5.138796142483155,8.74508920769991,5.32,14931.270110345784,1166925.1461488248,"908 Solis Curve Apt. 755
Elizabethton, MN 84599-0578"
69396.35827972088,4.8428484887005325,6.301145365713056,4.17,34932.291232953656,952439.6621570892,"791 Kim Row Apt. 381
East Jacobmouth, FM 47798"
75299.61256561527,8.176696666772001,5.3322645679177425,3.01,34129.2417929418,1659100.1242863662,"18940 Davis Point Suite 046
Melissahaven, LA 78621"
75258.7805798882,6.720985598911188,5.588733070014019,4.32,37245.943731156716,1181995.430504778,"2796 Anne Drive
North Kristinberg, AZ 79448"
71322.71325108483,6.30829519237231,6.4864058236427065,2.47,25948.644213562373,1124042.9480980486,"514 Soto Plain Apt. 353
Sarabury, IL 71896"
64429.98477819173,6.436974867251103,7.479370722425916,3.31,39055.8222857192,1219637.366518861,"42781 Herrera Court Apt. 072
North Ian, GU 91772-9544"
63797.57852066836,5.689564063454525,7.305667972185751,4.38,26094.905575758217,867082.8427607968,"34363 Joshua Ville Suite 813
Cochranchester, PR 09069-3135"
70333.46047505629,5.758922428231928,6.531334847045868,4.05,44795.531112939774,1385978.9841198327,"PSC 1222, Box 3820
APO AP 48458"
49345.424446427234,6.27672354306245,8.12398991576281,5.04,15113.587197383325,725040.8959547429,"2178 Kelli Estate Suite 805
South Nicholaschester, NY 47584-5955"
56073.892443104596,6.5767329872177225,6.959055603791697,4.4,64149.68021309122,1409762.1194903015,"95985 West Expressway Apt. 355
Edwardsstad, KS 99645"
68419.33249880339,5.869562737545521,7.550873192161815,6.08,30464.257218143634,1036704.6914584935,"030 Curtis Summit
North Rebecca, MP 93095-5357"
69654.35501275351,3.5948301256116992,8.073847884375517,3.48,27022.75917985486,717273.185257682,"940 Kelsey Light Suite 026
Beckstad, GU 27370-7423"
96901.08150593155,4.697997906885386,8.317774678851412,4.1,32824.796656098544,1642478.735656444,"8054 Smith Underpass
Lake Brian, ID 44748-2012"
49160.30411068882,5.078184036104398,7.992645042914468,6.13,28382.706694424614,585440.4314477128,"927 Robert Isle Suite 381
New Karen, MD 94991-2002"
48498.140274389894,5.127825655170804,8.737025148784058,3.04,30749.644393288087,602209.5750471331,"944 Emily Keys Apt. 888
New Markshire, CA 98115"
73112.8481883044,6.676942454295851,6.937160086501367,2.41,32126.7723966526,1340227.2768822638,"833 Price Wells Apt. 828
Port Timothy, MS 28892-5598"
57190.757547548135,5.592552302773188,8.39922325781752,4.19,45340.78188778934,1430051.0884878961,"948 Rush Row Apt. 811
West Brian, IN 80835-6955"
67775.54642323844,5.049142026443975,7.845249622130733,3.17,38345.581082791716,1101120.2587428256,"8601 Tyler Shore Suite 395
Hoopermouth, OR 94949-4346"
52599.08666278159,6.641146119692254,8.440430148579832,3.03,31590.385334991824,897223.4346811123,"56740 Joshua Fort Apt. 838
New Jenniferhaven, IL 37913"
66655.96644683307,6.377277228844317,6.969330818788066,4.35,36142.96798822272,1409318.5774674288,"900 Chase Mission
North Lisa, NY 95640-6024"
64635.45764588874,5.1681050796378045,7.606840904336579,3.38,37866.63226481192,1226067.3141602448,"9657 Russell Fords Apt. 246
Kennedymouth, CO 46084-1358"
87272.09339285835,5.025865854198316,7.184765323299687,5.39,7522.333137672428,910099.6440482037,"20887 Kevin Estates
Amandamouth, LA 65867-3535"
77223.30759201755,6.239196856965617,7.390581980923566,3.49,36454.298656933446,1492009.562850291,"9753 Benjamin Extensions
Edwinberg, DC 77337"
74420.05254414193,6.591287918421072,6.500293441451732,2.42,40250.887242702585,1555806.041797239,"2856 Frank Pine
East Johnhaven, WV 12578-5561"
73611.68863121094,4.7564460263294315,7.766507123922494,4.23,38294.075979038695,1487855.537964487,"827 Christina Divide
New Tanya, MO 26789-8710"
63320.1382070682,6.400970782589336,7.958761780176992,3.44,22076.15316408185,995144.1065832536,"4178 Jeffery Turnpike Suite 589
West Matthewburgh, MI 73155"
82383.0289908092,6.767889198977561,5.004809473311838,4.36,28614.539710201538,1151006.077527774,"403 Christina Point Suite 032
Christopherbury, VA 89556-8621"
93876.42899812006,6.295678750832572,7.259567833408496,6.1,29096.519015755668,1760880.447507333,"533 Marcus Isle
Port Andrewland, OH 79835"
62717.682888979296,6.022455574100407,6.0161586105429965,2.01,38535.66660373469,1067000.3494773393,"5750 Ford Extension
Stacyhaven, CT 82973-2072"
84366.44481815583,4.4056044305328355,7.420491028062846,6.12,48150.25379591161,1430796.7625697944,"1896 Jenkins Rue Apt. 467
Kylehaven, RI 92088"
77208.64023179737,4.8049142974113535,6.951254520818972,2.08,28550.4812998678,981753.2384083712,"02802 Hahn Causeway
Lake Melissa, DC 18071-0272"
77177.44738441323,3.9702443565707672,5.800903188839205,3.1,52057.05440957794,1102516.5838414284,"4491 Giles Corners Suite 728
Mooreview, NJ 52329-7519"
80770.67564990229,6.187704152953503,6.310709450220943,4.33,31518.008191432804,1334377.3074135566,"743 Patrick Ridge Apt. 072
Larryview, NE 78592-5823"
72915.04025284851,5.466741627979064,7.128904873034422,5.06,42030.42124095269,1395218.5802629231,"4499 Tammy Pine
West Craig, MI 65307"
64826.86535125934,5.592402264592622,7.154986126320519,3.29,36342.71475905286,1227167.407601847,"3176 Mary Pass
Port Stephanieberg, ND 56793"
79575.25043671057,5.233785447064077,5.860112374379642,2.11,43679.484825566935,1315568.1643761364,"978 Robles Knolls
Brewerborough, PW 55563-5751"
75302.11142446788,6.295260657621228,8.482698841398195,6.4,33424.42750100002,1643338.9927174544,"219 Travis Avenue
Bushhaven, ME 65662"
76942.50701496152,5.240103040527526,8.622784462799554,6.45,28717.9613340518,1354417.5627576166,"94779 Brenda Knoll Suite 885
Dunnmouth, MS 94475-9810"
70627.73589828463,5.696016624527851,5.407523268825863,4.16,41602.02373791636,1273868.0636587085,"6892 Wallace Run Apt. 814
South Donshire, MD 97169"
65081.58404838893,5.433570131227667,9.212518352461373,5.14,37594.49345795763,1343824.2151443195,"6628 Katherine Meadows Suite 009
Port Brittanyside, CT 81118"
72752.21639106661,5.203791107027273,5.577942462718261,2.03,29034.319963510694,692229.4654976523,"USNV Clark
FPO AA 65570-1981"
72099.66539036088,5.546065429874253,6.466645254480296,3.41,36902.14538985521,1411054.3169406827,"636 Smith Greens
Alexland, AK 05521"
51747.9151978184,6.648548092054467,6.212700018761172,4.41,29749.622793954248,832475.189015321,"908 Cruz Mill
Blanchardmouth, PA 23824"
56815.743321680304,6.913898735811865,5.407974627278722,2.01,35516.409893987315,1076334.1025455322,"6142 Escobar Harbor Suite 967
Michaelview, AS 63065-8757"
60584.41377611666,6.564573694980301,7.451735852935027,3.44,46635.769639958846,1309829.9356107984,"543 Sara Garden
Crystalshire, NE 46964-3440"
80238.58516096315,4.990993713997713,7.017304323987932,3.22,34271.102344187595,1130844.0293626525,"9419 Sanders Loaf Apt. 390
South Davidchester, MP 66624-2587"
60062.695633718926,4.1691371682750695,7.383502841491492,3.24,45347.93206410244,784503.3579188933,"0612 Erin Fort Apt. 991
Davidton, RI 02859"
76339.6233450042,5.219048628347231,8.185236861335195,3.32,45735.18721047928,1378399.109063904,"99129 Kevin Hollow
Donnamouth, UT 61678-5704"
60319.43150766437,6.664388302033405,7.24768751540794,4.38,33337.76537699169,983537.5107792257,"388 Wilkerson Mills Suite 408
Leeberg, RI 43961-2060"
91083.56908118556,5.554973786607309,7.129300905884363,5.47,41734.83265730058,1737981.5298355946,"9790 Laura Trafficway Suite 464
Alexisside, LA 24093"
73327.76494127419,5.485974581945371,7.3871258334334735,5.28,41378.8767313119,1314359.4543807416,"058 Anthony Port
Christopherstad, SC 07665-9037"
54236.69624906157,5.643910689959399,8.473199325627425,3.27,65857.93332223437,1372969.3107494302,"20665 David Well
Phillipsshire, WV 17695"
54726.703474056034,5.684473257854128,6.92462904622141,4.41,38582.558012517904,998855.579912743,"18815 Denise Heights
Port Matthew, TX 85582"
61247.33190182584,6.082523081615063,6.918738308805501,2.04,61075.60218130607,1473540.7599385441,"21942 Robert Ranch Suite 773
Port Sonia, MO 99587-6354"
74551.97298408403,6.893316743844287,7.504691839282183,6.18,44843.195518342516,1816217.0069766769,"9875 Moore View Apt. 474
New Joseph, MH 70496"
56962.4483136245,6.3485948540106225,6.0556849807348225,3.16,43181.51306578885,1127082.1989417674,"0743 Reed Lakes Suite 463
Vincentfurt, MS 65562-5283"
59665.5734194307,6.69294715000113,7.377552371693522,3.14,48128.957384062734,1427832.120659103,"USNS Dyer
FPO AP 88305-9187"
72353.58095482504,4.6785043322558515,7.594262455361108,6.06,15395.059920745713,959243.6084487293,"912 Donna Junctions
Vaughanview, OR 53056"
55101.85477519375,5.048811272830077,8.521505522399044,5.32,41219.321486911664,1202452.7282114923,"584 Grant Knoll
Tracyville, MS 25650"
62472.15857950414,6.7045117017077525,7.665173458119504,6.48,37618.67655406348,1463442.908287028,"630 Holmes Forest Suite 327
Andersontown, CO 15518-2545"
79020.64716083909,4.2156713993711294,6.255674884306754,2.02,34405.481560951535,1120851.5194199637,"46937 Turner Skyway Suite 520
Deanstad, AK 34864"
56402.54281107357,3.1448941915387927,8.075308814527194,5.23,29689.69581067505,696467.1699379117,"97355 James Tunnel
Salinasstad, VT 17324-5801"
61056.14542685617,4.144291525467203,8.460093805271946,5.03,18606.659042196487,631656.4745826736,"47560 Nichols Corners
Onealmouth, DC 36119"
55558.46575550829,6.791912796680335,7.197255038215552,6.11,56250.46440414384,1366988.2351681623,"0259 Adams Lodge Apt. 351
Sheriberg, HI 10612-0102"
89760.91785636207,6.080595229682459,7.002023943967577,6.06,54061.258684089466,1919053.5269471325,"25908 Jennifer Views Apt. 583
East Nicholasburgh, MI 59539"
55529.90658436005,6.8218614062252545,9.024792406225805,4.05,45008.24223987988,1460341.0111764427,"10469 Stacey Plaza Suite 263
Arnoldshire, AZ 57893-5832"
75534.27947812932,4.545026952151156,7.0960197557369336,6.46,27730.74930655968,935488.606494803,"43020 Owens Glen Apt. 024
Marychester, SC 97268"
73265.99934229569,4.668163474354079,5.708119192722324,4.12,30667.234759488827,896246.1462243542,"925 Valenzuela Cliff Apt. 431
East Adrian, MT 52071-0639"
61611.751784261614,5.994479120926082,7.009128593641082,3.34,18947.55834557428,894203.5715459331,"066 Eric Stream
East Ashley, MA 15550-6377"
66790.96033161497,5.555780845513748,7.372764826759749,6.22,47064.02296128324,1353729.53334886,"39369 Beck Curve Suite 178
Kimberg, VT 29232"
69604.52176965206,5.487953135153772,7.7260519917155,4.34,41785.91077603,1496177.415750746,"88372 Oneal Inlet Apt. 473
New Brandonfort, DC 34662-5333"
43241.982422500565,6.435396063024777,6.69912266052316,2.39,29478.531240209708,629657.6132544072,"860 Graham Meadows Suite 412
East Kristenburgh, UT 74487"
51510.69878499809,5.63795568541139,6.6557628101454815,4.45,31773.28890188995,549167.9398554484,"06398 Adrian Forge Suite 341
North Charleschester, IA 99755"
80315.49332320098,7.056146485317732,5.123795283832028,3.45,39733.59822387288,1737582.2827129075,"17480 Joshua Spring Suite 624
Port Mary, CO 02102"
65483.25530521961,7.533097336111758,7.038452372643868,4.05,33303.47322840525,1247281.6983108672,"8362 Hudson Village Apt. 954
Goodmanbury, OH 71913"
92735.99691526113,6.06422840715352,6.848041355034628,4.36,47376.470028760705,1779898.9958791612,"8049 Michele Gardens Suite 331
Michaelview, UT 38230-9272"
62678.335466708915,5.125019476620247,6.471035179743152,3.45,44965.311980859275,1032663.0030779238,"89517 Troy Viaduct Suite 715
Port James, LA 69221-4243"
86583.9336611974,6.096277806181416,7.128356949439187,5.16,45514.147767554496,1815809.621442141,"583 Turner Harbor
Port Nicole, TX 75903-5950"
62369.713031191124,6.7042221963411865,6.544807809082777,2.24,47224.75917776585,1387114.4198675563,"107 Mcdonald Islands
West Tony, NY 69365"
55624.67128743831,7.470217817895233,6.862835726685024,3.18,45644.243462268634,1262012.9263482816,"3924 Carter Mission
West Julie, PA 05439-6091"
63421.90395542293,7.594954312381022,8.777735233745716,3.09,11511.38705016455,1432318.4696391341,"6295 Felicia Squares
Lake Natashashire, NE 10973"
77521.05738039338,6.444728490931581,7.077553855006306,5.43,32624.646504706652,1501622.125499602,"09839 Jonathan Harbor
Stevenside, IL 72187"
73370.47438292061,5.914077511096911,5.835420750157176,4.42,47740.762897957145,1275676.9813869123,"066 Harding Parkways Apt. 630
Port Maureenton, AK 70008-1762"
82768.61396710604,7.135406223429652,7.0571822610381485,4.2,23581.385699003837,1476989.1835039519,"5989 Garner Crossroad
Russomouth, AR 83930"
68368.03677705594,5.830974842766687,7.0610308303228555,5.13,22033.116961125543,796289.306909297,"652 Watson Path Suite 152
Melindabury, OK 63979-5988"
67041.96766072442,6.021458005937649,5.346830442494945,3.39,15633.099048295891,707345.0624327669,"71769 Sutton Club Suite 330
Clinefurt, HI 85853-2402"
55507.312532853866,7.146273285740117,8.061202867385214,6.22,44669.455553014006,1318231.4182852104,"93686 Moore Manors Apt. 987
Tiffanyfort, FM 47355"
43795.30753382496,6.451642066920627,7.881137517546674,6.5,48114.02401407812,1020861.3371364456,"36191 Gregory Estates Apt. 886
West Karen, MH 34042"
67754.68697037107,5.179906559892128,7.591351755056165,5.23,51905.88983574089,1527691.7006808666,"9235 Russell Mount
East Patrickborough, KY 41599"
78088.22319704968,5.182872692027861,8.362547848036511,3.33,33389.76393721455,1536234.7087011337,"2399 Beth Parkways
Michellefort, KS 95918"
67909.3834884142,7.52014151947451,6.509616213750986,4.03,36742.343397665616,1482123.6246868188,"57071 Craig Radial Apt. 853
Cookfurt, ID 84624"
51967.23584950979,5.592888618479991,7.105833642844872,5.1,21454.199436585088,657169.3041615344,"USNS Johnson
FPO AP 84758-0245"
81707.23576749857,5.214913662855174,6.557792533237128,4.49,37968.888095093054,1390200.2242984471,"PSC 1698, Box 7149
APO AA 62613"
59865.76865555037,4.640264286694137,6.388986061251195,4.21,30905.01530289516,613788.3219895302,"3823 Fischer Fork
Port Joshua, ND 21648"
61544.58346818272,2.9227361530512215,7.791619771134489,3.01,30699.386049381937,677772.3453175713,"687 Leslie Mall
North Jayhaven, LA 83023"
80228.59918691391,5.060031492239958,8.767014354458775,3.29,27255.25081876953,1535946.643113821,"PSC 7102, Box 1708
APO AA 74372-2883"
60865.39677968094,5.490824817697541,6.2303457165027165,4.46,43351.37328389918,990004.730593988,"107 Chelsea Mountains
Lopezmouth, OR 00850"
59866.94770020468,5.8703298334712,5.899076341909404,4.16,32064.597156277174,1039380.7224796106,"179 Larsen Oval
New Matthew, DC 48602-6064"
64769.644841007386,4.2146417926388375,7.695856410947031,4.16,43510.94014568808,1107286.972727985,"135 Acosta Isle
West Judith, IN 13641"
89286.0832488416,5.407138622353934,6.79712562603754,2.45,26176.766149402643,1340909.7986568718,"8654 Benjamin Harbors Suite 759
South Jenniferland, KY 77429-0386"
83373.0120187316,6.604278391025372,7.419498794669844,5.36,25663.22937294812,1335883.8311844515,"622 Justin Valley
Duncanside, MI 86995-3102"
59278.945889501316,5.945138988341718,8.847869263637747,3.16,12351.71960301975,1015010.5384041036,"47608 Becky Shores Apt. 271
Fernandezshire, AK 19986-5072"
71232.91398344806,4.235712056044939,5.800259721360161,2.07,31088.890171173745,676979.7154027742,"9450 Smith Path Suite 035
Chapmanburgh, NM 22261-2035"
72102.55665351353,5.784711657315041,5.847043910849701,2.38,41409.169414903714,1110114.2203447744,"24297 Perez Pine
Brendatown, AZ 78809-0999"
80528.49773761486,5.642628712901997,8.560018878678058,5.3,37717.253954973865,1641030.4779927537,"8286 Jennifer Prairie
Lake Georgemouth, OH 74433"
54051.02466360291,5.365761244841778,7.654447412307705,3.21,27822.49637305476,914378.3344281595,"PSC 6223, Box 3745
APO AA 82126"
66465.36590945706,5.623938648089322,7.0798096761542455,6.21,41130.09091193958,1258563.8586458305,"4440 Dennis Green Apt. 666
Barryport, CT 36310-7179"
70085.94760366887,4.435761352294801,7.131110205236469,5.22,51446.69184618918,1440909.0012831052,"414 Todd Springs
Port Shannon, AS 60277"
75475.50719246067,6.206884060905353,7.602107228128709,6.4,47447.87629201738,1624137.5954320885,"65108 Williams Crescent Apt. 503
Frankshire, VI 46982-4576"
88824.50481436928,7.674739410066334,6.700035163890701,4.06,28715.698660318678,1869886.3052624038,"64639 Kristin Locks Suite 724
Derekberg, KY 77496-9751"
65948.91814072343,4.007017132359999,8.854369884254952,3.1,41260.91708240746,1302748.857596481,"6541 Howard Mills
Smithton, AL 96745"
68219.51471767848,5.677914140881955,8.221347383688517,6.22,42342.577987479934,1429529.6303333663,"0029 Melinda Neck Apt. 591
Lake Gregoryshire, HI 60267"
74881.06436138318,5.268553096844059,7.394920535536383,3.17,23526.49849673301,1023162.9529066277,"7578 Watson Junction Apt. 456
New Stevenstad, UT 73434-4974"
59886.418535766046,3.443457952369565,5.7246073931566235,3.5,54546.8265214163,673571.3460100302,"USS Hunt
FPO AA 46601"
75291.06395720085,5.387352926083598,7.295145800743628,4.06,48224.13913542709,1657667.3321639488,"74152 Lauren Ferry
North Robertton, AS 43153"
69350.79335739226,6.910414951104577,8.288048472012164,4.29,36779.058567387576,1392083.817875569,"USNV Cortez
FPO AE 36896-5919"
79687.76186988202,6.010367683122686,7.337393909162745,6.09,20867.66988476458,1360100.7192439777,"932 Schwartz Park Suite 892
South Brian, CT 50166"
61679.171155216776,6.353166703767866,7.111842354344006,5.41,34867.98507624237,1103021.383299933,"PSC 7611, Box 8172
APO AE 25615-0900"
77527.54117380737,6.461995709142999,5.865716151693734,4.0,41812.80155495025,1322914.0511137214,"165 Hawkins Estate Suite 143
Toddport, MN 31095"
65010.55347403517,6.299951770929344,7.52984574463804,6.32,34706.86662728714,1305185.544822347,"743 William Mount Suite 503
West Kimberly, MS 27914"
60503.003755352685,6.565511756994627,7.4224716502405235,5.17,49155.509477077765,1431517.3576797748,"7409 William Mountains
Richardstad, MT 38781"
52282.120668316114,6.925892347209803,6.784168099198138,3.05,45867.87467158226,1137446.993396963,"03508 Shannon Vista Suite 305
Romantown, AL 15977-0442"
54293.140080295365,4.703215377420891,6.93550997578942,4.23,49751.634268949296,1010477.3921678592,"79942 Timothy Estates
West Robert, AZ 69359"
64912.515461883675,7.186098597977441,6.0287823506988785,4.18,48685.420659677766,1449033.4322542485,"690 Susan Isle
Jonville, DE 37992-8552"
75078.79151567799,7.644778598059883,8.440726153497362,4.33,56148.44932156281,2108376.165803347,"304 Obrien Village Suite 750
West Maureen, AS 63430"
71441.38889445207,7.085074719150343,7.790208189164332,5.21,40167.012529273445,1475734.2174397272,"74690 Derek Points
East Vincentfort, OK 02658-2165"
45610.938414209435,6.555873429306434,7.942857914343546,3.22,42614.839414927585,961354.287727855,"8725 Caitlin Avenue Suite 425
Zacharyside, IN 81680"
88470.86805605602,7.419982031939299,6.872379547249247,2.24,45811.42560652657,1955253.711458321,"1145 Ethan Station
East Brian, CO 17006-8309"
74941.58580083921,7.453375217878477,7.308749228845534,6.01,28977.94117750623,1626368.6673131543,"2480 Catherine Cliffs Suite 880
Cynthiachester, MS 32127"
82973.92390669559,6.321321946003938,6.981247859614665,4.48,29611.523143192007,1409439.0637651668,"27387 Elizabeth Landing Suite 229
Mcdonaldview, NY 02054-9201"
76395.64694126791,8.109898927942105,5.548906180616775,3.16,36758.32133655043,1604954.7234397994,"346 Heidi Curve
Rodriguezbury, OR 73871"
87335.34804035982,5.5075053815724955,8.164426111819775,6.13,39995.84208922583,1745516.1706263402,"2539 Robert Springs
South Amybury, SD 12696"
63563.91421311843,5.662570992212684,6.848702994263762,2.26,38088.63597224703,944032.477262609,"775 Gutierrez Corner Suite 080
East Ronaldfurt, NY 14992"
74522.90180431426,6.043995780386482,4.491346745239569,3.31,39312.54906827345,999826.6092888176,"738 Kristi Estates
South Miguel, DE 39364-3921"
73299.37847684909,4.2133378319692465,7.012554223800984,4.46,45214.488512475145,1260814.4318730172,"4241 John Radial
Campbellborough, GU 45592-6774"
55980.20480671361,7.014509861024517,5.4587893778993255,2.11,43968.68704641723,1120943.3385906045,"2558 King Trail
East Catherinebury, MP 23625-1906"
73491.13442716876,5.784430241176247,4.42595944691843,3.37,30800.5410596913,1111307.064545113,"6043 Stevens Stream
West Kimberlymouth, ME 49723"
83695.2723827305,7.64350743874928,7.127218728157152,5.05,33113.759057412615,1736401.6096050944,"33465 Hernandez Forest Apt. 692
Port Ashleyfort, KS 51871-6439"
78743.7592737198,6.583685180947742,6.5956826794741445,4.07,24381.144540324283,1340769.767829137,"805 David Knoll Apt. 216
Mccarthyview, GU 74316"
70720.29646304579,6.411801087043974,5.04812784554222,3.01,19114.01925340314,801348.5895113541,"14742 Lopez Ridge Apt. 889
Jessicatown, CA 28254"
54037.580878618435,8.47176544466696,6.966071815600474,3.27,28696.170856159064,1324382.1755828236,"6278 Jenkins Harbors Apt. 807
New Yvettehaven, MN 34295"
75046.31379106782,5.351168918727048,7.797824781692286,5.23,34107.88861941547,1340343.8565188395,"55823 Stuart Fields
Nunezstad, NM 03601"
75980.43884262664,6.583104680837251,5.91489223468696,3.23,40394.59348855948,1518478.0327260853,"1831 Escobar Plain Suite 171
Martinezberg, OH 76148-5909"
80393.33949954994,8.899713346862931,5.652974236183473,4.04,39547.93248890538,1910585.0524316991,"02084 Rivera Lock
Hallville, NJ 32367-9579"
82224.69500579461,5.434087069876792,8.375708139233048,3.12,57166.8675103696,1823498.406876208,"4679 Turner Tunnel
Rosariobury, CT 68552-4766"
75664.02448226848,5.78920256837389,6.415312420825086,2.02,54724.25127462662,1406865.4945607523,"0476 Jessica Shoals
Melissamouth, DE 39609-2777"
71663.87129316799,6.150745152945532,7.3119065187032,6.33,24109.778059762142,1203850.1042760182,"1316 Tony Inlet Suite 235
West Jimmy, SC 72946"
58800.90877020173,5.9765065930952925,7.304050833386017,6.43,37426.70974517781,1020095.9135555072,"109 Lee Wall Apt. 315
Lunamouth, AZ 05121-3634"
69655.18395358021,7.721099651182366,6.077795397231133,4.29,32902.35558396171,1194357.4059239507,"39174 Jessica Mission Apt. 539
West Cindyborough, WV 82109-6583"
62623.35982778392,5.0716241250198,6.7710150655193875,3.33,50985.97120187618,1211899.6662200813,"9894 Greg Ridge
North Tiffanyhaven, ID 66602-9445"
75117.04294920928,6.0362748619545625,6.538110935097446,2.22,43976.03106015688,1378937.877384443,"PSC 7442, Box 6234
APO AP 13017"
71060.40601468351,5.718838986628194,7.2227296559765986,4.34,34814.58559096665,1260241.3960622712,"5611 Matthew Avenue
Lake Kevin, FM 72963-8891"
65729.22233007607,6.237786635153152,6.860474641577997,3.12,25573.854288987597,1197073.4448150082,"641 Lisa Parkways Suite 552
West Amandaside, SD 71807-8061"
67637.84066549227,7.056672949514692,5.774408720781183,3.05,43846.53133966267,1275143.1684079738,"6066 Sanders Court Apt. 914
South Alexis, FM 21016"
47965.40689641061,5.69463794053941,7.3633273099448155,5.4,46071.947337373946,885204.9786583288,"19960 Scott Street
Port Brenda, MO 02292-8651"
52723.876555388386,5.452237429779471,8.124571088503863,6.39,14802.088437786548,479500.5568108269,"86727 Kelly Plaza
Lake Veronica, IL 04474"
74102.19188989743,5.657841005858683,7.6839932730081415,3.13,24041.270592108216,1263720.5178567779,"2871 John Lodge
Amychester, GU 61734-5597"
87499.1257433985,6.403472865690027,4.8360907779524895,4.02,40815.199679477744,1568700.5855257385,"Unit 2096 Box 9559
DPO AE 80983-8797"
69639.1408955885,5.007510102029201,7.778375216524826,6.05,54056.12843043363,1381830.779029103,"5259 David Causeway Apt. 975
South Alexstad, IL 42719-2498"
73060.84622597464,5.293682310622208,6.312252808472887,4.16,22695.69548034303,905354.9139602784,"5224 Lamb Passage
Nancystad, GA 16579"
60567.944139865984,7.830362443635721,6.13735622764076,3.46,22837.361034746427,1060193.785884608,"USNS Williams
FPO AP 30153-7653"
78491.27543459789,6.999134987291412,6.576762660738709,4.02,25616.11548906122,1482617.728622024,"PSC 9258, Box 8489
APO AA 42991-3352"
63390.68688550463,7.250590614779546,4.805080980291155,2.13,33266.145489652175,1030729.5831522895,"4215 Tracy Garden Suite 076
Joshualand, VA 01707-9165"
68001.33123508695,5.534388416220344,7.130143864349472,5.44,42625.62015585088,1198656.8724076871,"USS Wallace
FPO AE 73316"
65510.581803666224,5.992305307333977,6.792336104424982,4.07,46501.28380314165,1298950.4802669554,"37778 George Ridges Apt. 509
East Holly, NV 29290-3595"